{
  "roc_auc": 0.8313694644791954,
  "pr_auc": 0.8670626421632065,
  "base_rate": 0.5932172246361105,
  "precision_at_0.5": 0.8062775937383758,
  "recall_at_0.5": 0.7678817847286109,
  "f1_at_0.5": 0.7866114271979966,
  "precision_at_top10pct": 0.9490680632880751
}