cluster,total_orders,avg_days_between,avg_basket_size,max_basket_size,unique_products,reorder_rate,avg_new_item_share,items_per_order,num_customers,loyalty_index,value_proxy
1,5.0,8.142857142857142,15.5,24.0,56.0,0.684931506849315,0.3057680596972793,15.0,21338,0.3791634471520357,75.0
0,4.0,10.333333333333334,7.0,11.0,22.0,0.5789473684210527,0.39429385429385433,6.666666666666667,44234,0.18465351412719833,26.666666666666668
